origin,destination,date,price,link,carrier,searchDay
BCN,DPS,09-07-2023,692.98,https://skyscanner.pxf.io/c/2850210/1103265/13416?u=https%3A%2F%2Fwww.skyscanner.es%2Ftransport_deeplink%2F4.0%2FES%2Fes-ES%2FEUR%2Fgtes%2F1%2F9772.11109.2023-07-09%2Fair%2Ftrava%2Fflights%3Fitinerary%3Dflight%257C-31939%257C146%257C9772%257C2023-07-09T16%253A20%257C11089%257C2023-07-09T23%253A35%257C375%257C-%257C-%257C-%253Bflight%257C-31939%257C960%257C11089%257C2023-07-10T02%253A05%257C11109%257C2023-07-10T16%253A55%257C590%257C-%257C-%257C-%26carriers%3D-31939%26operators%3D-31939%253B-31939%26passengers%3D1%26channel%3Ddataapi%26cabin_class%3Deconomy%26facilitated%3Dfalse%26fps_session_id%3D7f85f048-4eef-49b3-af8d-85d8cd360ca1%26ticket_price%3D692.98%26is_npt%3Dfalse%26is_multipart%3Dfalse%26client_id%3Dskyscanner_b2b%26request_id%3D2f2575ac-9fda-40a8-9e04-d3d5ec0f283c%26q_ids%3DH4sIAAAAAAAAAOOS4mJJL0ktFmLmWOMjxczxNEyh4ePypWxGTAqMAEj0O3ccAAAA%257C-297874968534285194%257C2%26q_sources%3DJACQUARD%26commercial_filters%3Dfalse%26q_datetime_utc%3D2023-01-14T18%253A40%253A06%26pqid%3Dtrue%26api_logo%3Dhttps%253A%252F%252Flogos.skyscnr.com%252Fimages%252Fpartners%252Fdefault.png%26api_pbs%3Dtrue%26associate_id%3DAFF_TRA_19354_00001%26app_id%3DG4IcGcdmVpjw77HZ3bCQanBnLBKNE76h2RC%25252Bq0zWNAx4vlSXpxjay009pDhvp9R8&associateid=AFF_TRA_19354_00001,Qatar Airways,14-01-2023
DPS,BCN,21-08-2023,554.69,https://skyscanner.pxf.io/c/2850210/1103265/13416?u=https%3A%2F%2Fwww.skyscanner.es%2Ftransport_deeplink%2F4.0%2FES%2Fes-ES%2FEUR%2Fsing%2F1%2F11109.9772.2023-08-21%2Fair%2Fairli%2Fflights%3Fitinerary%3Dflight%257C-31876%257C939%257C11109%257C2023-08-21T13%253A05%257C16292%257C2023-08-21T15%253A50%257C165%257CN16IAOH%257CN%257CFF41JKT%253Bflight%257C-31876%257C388%257C16292%257C2023-08-21T23%253A35%257C9772%257C2023-08-22T06%253A55%257C800%257CN16IAOH%257CN%257CFF41JKT%26carriers%3D-31876%26operators%3D-31876%253B-31876%26passengers%3D1%26channel%3Ddataapi%26cabin_class%3Deconomy%26facilitated%3Dfalse%26fps_session_id%3Dc0797911-7fb1-479a-a0a3-183d78bd14a9%26ticket_price%3D554.69%26is_npt%3Dfalse%26is_multipart%3Dfalse%26client_id%3Dskyscanner_b2b%26request_id%3D2e77eac3-f1eb-43b0-b490-71eca0a460f2%26q_ids%3DH4sIAAAAAAAAAOOS4mIpzsxLF2LmeBomxcyxxkeh4VLXcjYjJgVGAEfuOHkcAAAA%257C-4936368026357533331%257C2%26q_sources%3DJACQUARD%26commercial_filters%3Dfalse%26q_datetime_utc%3D2023-01-14T18%253A40%253A26%26pqid%3Dfalse%26api_logo%3Dhttps%253A%252F%252Flogos.skyscnr.com%252Fimages%252Fpartners%252Fdefault.png%26api_pbs%3Dtrue%26associate_id%3DAFF_TRA_19354_00001%26app_id%3DG4IcGcdmVpjw77HZ3bCQanBnLBKNE76h2RC%25252Bq0zWNAx4vlSXpxjay009pDhvp9R8&associateid=AFF_TRA_19354_00001,Singapore Airlines,14-01-2023
BCN,KUL,08-07-2023,490.98,https://skyscanner.pxf.io/c/2850210/1103265/13416?u=https%3A%2F%2Fwww.skyscanner.es%2Ftransport_deeplink%2F4.0%2FES%2Fes-ES%2FEUR%2Fctes%2F1%2F9772.13311.2023-07-08%2Fair%2Ftrava%2Fflights%3Fitinerary%3Dflight%257C-32090%257C1139%257C9772%257C2023-07-08T06%253A50%257C11616%257C2023-07-08T09%253A00%257C130%257C-%257C-%257C-%253Bflight%257C-32003%257C116%257C11616%257C2023-07-08T10%253A35%257C13938%257C2023-07-08T19%253A10%257C395%257C-%257C-%257C-%253Bflight%257C-32003%257C821%257C13938%257C2023-07-08T20%253A40%257C13311%257C2023-07-09T07%253A55%257C435%257C-%257C-%257C-%26carriers%3D-32090%252C-32003%26operators%3D-32090%253B-32003%253B-32003%26passengers%3D1%26channel%3Ddataapi%26cabin_class%3Deconomy%26facilitated%3Dfalse%26fps_session_id%3Dd61e3c40-600c-4f9a-9377-f64b238a7ebc%26ticket_price%3D490.98%26is_npt%3Dfalse%26is_multipart%3Dfalse%26client_id%3Dskyscanner_b2b%26request_id%3D0114e11b-5490-42c4-8bab-eb6412556cb4%26q_ids%3DH4sIAAAAAAAAAOOS4mJJLkktFmLmWOMjxczxT1Gh4dyipWxGTAqMAOMKe7ocAAAA%257C-7360661914293877892%257C2%26q_sources%3DJACQUARD%26commercial_filters%3Dfalse%26q_datetime_utc%3D2023-01-13T13%253A16%253A53%26pqid%3Dtrue%26api_logo%3Dhttps%253A%252F%252Flogos.skyscnr.com%252Fimages%252Fpartners%252Fdefault.png%26api_pbs%3Dtrue%26associate_id%3DAFF_TRA_19354_00001%26app_id%3DG4IcGcdmVpjw77HZ3bCQanBnLBKNE76h2RC%25252Bq0zWNAx4vlSXpxjay009pDhvp9R8&associateid=AFF_TRA_19354_00001,Lufthansa,14-01-2023
KUL,BCN,21-08-2023,513.88,https://skyscanner.pxf.io/c/2850210/1103265/13416?u=https%3A%2F%2Fwww.skyscanner.es%2Ftransport_deeplink%2F4.0%2FES%2Fes-ES%2FEUR%2Fctes%2F1%2F13311.9772.2023-08-21%2Fair%2Ftrava%2Fflights%3Fitinerary%3Dflight%257C-32348%257C343%257C13311%257C2023-08-21T02%253A40%257C11182%257C2023-08-21T05%253A30%257C410%257C-%257C-%257C-%253Bflight%257C-32348%257C185%257C11182%257C2023-08-21T08%253A15%257C9772%257C2023-08-21T13%253A25%257C430%257C-%257C-%257C-%26carriers%3D-32348%26operators%3D-32348%253B-32348%26passengers%3D1%26channel%3Ddataapi%26cabin_class%3Deconomy%26facilitated%3Dfalse%26fps_session_id%3D00b8a53b-da8d-4c56-ac4e-294f5f137ba9%26ticket_price%3D513.88%26is_npt%3Dfalse%26is_multipart%3Dfalse%26client_id%3Dskyscanner_b2b%26request_id%3Db86a4d91-1676-4756-b4ba-0edfd8766519%26q_ids%3DH4sIAAAAAAAAAOOS4mJJLkktFmLm-Kcoxcyxxkeh4VLXcjYjJgVGAEtE1cUcAAAA%257C-1742368305916400967%257C2%26q_sources%3DJACQUARD%26commercial_filters%3Dfalse%26q_datetime_utc%3D2023-01-14T13%253A02%253A48%26pqid%3Dtrue%26api_logo%3Dhttps%253A%252F%252Flogos.skyscnr.com%252Fimages%252Fpartners%252Fdefault.png%26api_pbs%3Dtrue%26associate_id%3DAFF_TRA_19354_00001%26app_id%3DG4IcGcdmVpjw77HZ3bCQanBnLBKNE76h2RC%25252Bq0zWNAx4vlSXpxjay009pDhvp9R8&associateid=AFF_TRA_19354_00001,Emirates,14-01-2023
MAD,DPS,13-07-2023,606.8,https://skyscanner.pxf.io/c/2850210/1103265/13416?u=https%3A%2F%2Fwww.skyscanner.es%2Ftransport_deeplink%2F4.0%2FES%2Fes-ES%2FEUR%2Fctes%2F1%2F13870.11109.2023-07-13%2Fair%2Ftrava%2Fflights%3Fitinerary%3Dflight%257C-32222%257C7903%257C13870%257C2023-07-13T16%253A10%257C11089%257C2023-07-13T23%253A50%257C400%257C-%257C-%257C-%253Bflight%257C-32222%257C7970%257C11089%257C2023-07-14T02%253A05%257C11109%257C2023-07-14T16%253A55%257C590%257C-%257C-%257C-%26carriers%3D-32222%26operators%3D-31939%253B-31939%26passengers%3D1%26channel%3Ddataapi%26cabin_class%3Deconomy%26facilitated%3Dfalse%26fps_session_id%3D358ad869-6cff-4b5d-a2a2-e15f369867c3%26ticket_price%3D606.80%26is_npt%3Dfalse%26is_multipart%3Dfalse%26client_id%3Dskyscanner_b2b%26request_id%3D391ac5e7-5417-4f7e-bf09-ef1d09768d25%26q_ids%3DH4sIAAAAAAAAAOOS4mJJLkktFmLmWJcjxczxNEyh4e-epWxGTAqMANZcSO8cAAAA%257C-6681369287589203677%257C2%26q_sources%3DJACQUARD%26commercial_filters%3Dfalse%26q_datetime_utc%3D2023-01-14T18%253A41%253A27%26pqid%3Dtrue%26api_logo%3Dhttps%253A%252F%252Flogos.skyscnr.com%252Fimages%252Fpartners%252Fdefault.png%26api_pbs%3Dtrue%26associate_id%3DAFF_TRA_19354_00001%26app_id%3DG4IcGcdmVpjw77HZ3bCQanBnLBKNE76h2RC%25252Bq0zWNAx4vlSXpxjay009pDhvp9R8&associateid=AFF_TRA_19354_00001,Qatar Airways,14-01-2023
DPS,MAD,21-08-2023,611.42,https://skyscanner.pxf.io/c/2850210/1103265/13416?u=https%3A%2F%2Fwww.skyscanner.es%2Ftransport_deeplink%2F4.0%2FES%2Fes-ES%2FEUR%2Fa582%2F1%2F11109.13870.2023-08-21%2Fair%2Ftrava%2Fflights%3Fitinerary%3Dflight%257C-32516%257C8519%257C11109%257C2023-08-21T18%253A00%257C10485%257C2023-08-21T18%253A50%257C110%257CLSSOPID1%257CK%257C-%253Bflight%257C-32348%257C359%257C10485%257C2023-08-22T00%253A40%257C11182%257C2023-08-22T05%253A30%257C470%257CLSSOPID1%257CL%257C-%253Bflight%257C-32348%257C141%257C11182%257C2023-08-22T07%253A40%257C13870%257C2023-08-22T13%253A25%257C465%257CLSSOPID1%257CL%257C-%26carriers%3D-32516%252C-32348%26operators%3D-32516%253B-32348%253B-32348%26passengers%3D1%26channel%3Ddataapi%26cabin_class%3Deconomy%26facilitated%3Dfalse%26fps_session_id%3D6f741f47-a379-4dc4-bed2-c0ee1f81501b%26ticket_price%3D611.42%26is_npt%3Dfalse%26is_multipart%3Dfalse%26client_id%3Dskyscanner_b2b%26request_id%3Dc83b8cab-9aa2-40d5-af15-c96df7b618df%26q_ids%3DH4sIAAAAAAAAAOOS4mJJNLUwEmLmeBomxcyxLkeh4VLXcjYjJgVGAMra_JIcAAAA%257C5010395504122543430%257C2%26q_sources%3DJACQUARD%26commercial_filters%3Dfalse%26q_datetime_utc%3D2023-01-14T18%253A41%253A37%26pqid%3Dtrue%26api_logo%3Dhttps%253A%252F%252Flogos.skyscnr.com%252Fimages%252Fpartners%252Fdefault.png%26api_pbs%3Dtrue%26associate_id%3DAFF_TRA_19354_00001%26app_id%3DG4IcGcdmVpjw77HZ3bCQanBnLBKNE76h2RC%25252Bq0zWNAx4vlSXpxjay009pDhvp9R8&associateid=AFF_TRA_19354_00001,Batik Air,14-01-2023
MAD,KUL,11-07-2023,582.99,https://skyscanner.pxf.io/c/2850210/1103265/13416?u=https%3A%2F%2Fwww.skyscanner.es%2Ftransport_deeplink%2F4.0%2FES%2Fes-ES%2FEUR%2Fctes%2F1%2F13870.13311.2023-07-11%2Fair%2Ftrava%2Fflights%3Fitinerary%3Dflight%257C-32348%257C142%257C13870%257C2023-07-11T15%253A20%257C11182%257C2023-07-12T00%253A45%257C445%257C-%257C-%257C-%253Bflight%257C-32348%257C346%257C11182%257C2023-07-12T03%253A10%257C13311%257C2023-07-12T14%253A25%257C435%257C-%257C-%257C-%26carriers%3D-32348%26operators%3D-32348%253B-32348%26passengers%3D1%26channel%3Ddataapi%26cabin_class%3Deconomy%26facilitated%3Dfalse%26fps_session_id%3D104445f8-4b60-482c-ba24-dccc7d44be6c%26ticket_price%3D582.99%26is_npt%3Dfalse%26is_multipart%3Dfalse%26client_id%3Dskyscanner_b2b%26request_id%3Dc4671c22-9b02-4d6c-b250-83a7603a037f%26q_ids%3DH4sIAAAAAAAAAOOS4mJJLkktFmLmWJcjxczxT1GhYfumpWxGTAqMACz3ua0cAAAA%257C-5662458393274101845%257C2%26q_sources%3DJACQUARD%26commercial_filters%3Dfalse%26q_datetime_utc%3D2023-01-13T10%253A02%253A54%26pqid%3Dtrue%26api_logo%3Dhttps%253A%252F%252Flogos.skyscnr.com%252Fimages%252Fpartners%252Fdefault.png%26api_pbs%3Dtrue%26associate_id%3DAFF_TRA_19354_00001%26app_id%3DG4IcGcdmVpjw77HZ3bCQanBnLBKNE76h2RC%25252Bq0zWNAx4vlSXpxjay009pDhvp9R8&associateid=AFF_TRA_19354_00001,Emirates,14-01-2023
KUL,MAD,20-08-2023,511.81,https://skyscanner.pxf.io/c/2850210/1103265/13416?u=https%3A%2F%2Fwww.skyscanner.es%2Ftransport_deeplink%2F4.0%2FES%2Fes-ES%2FEUR%2Fctes%2F1%2F13311.13870.2023-08-20%2Fair%2Ftrava%2Fflights%3Fitinerary%3Dflight%257C-32348%257C343%257C13311%257C2023-08-20T02%253A40%257C11182%257C2023-08-20T05%253A30%257C410%257C-%257C-%257C-%253Bflight%257C-32348%257C141%257C11182%257C2023-08-20T07%253A40%257C13870%257C2023-08-20T13%253A25%257C465%257C-%257C-%257C-%26carriers%3D-32348%26operators%3D-32348%253B-32348%26passengers%3D1%26channel%3Ddataapi%26cabin_class%3Deconomy%26facilitated%3Dfalse%26fps_session_id%3D5f6a08f2-d9bc-4411-b86a-131ab2a5cd93%26ticket_price%3D511.81%26is_npt%3Dfalse%26is_multipart%3Dfalse%26client_id%3Dskyscanner_b2b%26request_id%3Dedfe0a98-3e63-4e66-8d68-cadb028a18fa%26q_ids%3DH4sIAAAAAAAAAOOS4mJJLkktFmLm-KcoxcyxLkehYX3rcjYjJgVGAKuhb24cAAAA%257C3381746901147606952%257C2%26q_sources%3DJACQUARD%26commercial_filters%3Dfalse%26q_datetime_utc%3D2023-01-14T06%253A48%253A26%26pqid%3Dtrue%26api_logo%3Dhttps%253A%252F%252Flogos.skyscnr.com%252Fimages%252Fpartners%252Fdefault.png%26api_pbs%3Dtrue%26associate_id%3DAFF_TRA_19354_00001%26app_id%3DG4IcGcdmVpjw77HZ3bCQanBnLBKNE76h2RC%25252Bq0zWNAx4vlSXpxjay009pDhvp9R8&associateid=AFF_TRA_19354_00001,Emirates,14-01-2023
BCN,MNL,09-07-2023,643.02,https://skyscanner.pxf.io/c/2850210/1103265/13416?u=https%3A%2F%2Fwww.skyscanner.es%2Ftransport_deeplink%2F4.0%2FES%2Fes-ES%2FEUR%2Fctes%2F1%2F9772.14213.2023-07-09%2Fair%2Ftrava%2Fflights%3Fitinerary%3Dflight%257C-32348%257C188%257C9772%257C2023-07-09T20%253A40%257C11182%257C2023-07-10T05%253A35%257C415%257C-%257C-%257C-%253Bflight%257C-32348%257C334%257C11182%257C2023-07-10T09%253A10%257C14213%257C2023-07-10T22%253A10%257C540%257C-%257C-%257C-%26carriers%3D-32348%26operators%3D-32348%253B-32348%26passengers%3D1%26channel%3Ddataapi%26cabin_class%3Deconomy%26facilitated%3Dfalse%26fps_session_id%3Df76f43cc-a0d9-4ecd-b0fb-c538b0a40902%26ticket_price%3D643.02%26is_npt%3Dfalse%26is_multipart%3Dfalse%26client_id%3Dskyscanner_b2b%26request_id%3Da68d03d1-aefa-4418-affe-1e851d12c869%26q_ids%3DH4sIAAAAAAAAAOOS4mJJLkktFmLmWOMjxczRmq_Q8HH5UjYjJgVGAIZzSGUcAAAA%257C-2228374271596049908%257C2%26q_sources%3DJACQUARD%26commercial_filters%3Dfalse%26q_datetime_utc%3D2023-01-14T20%253A05%253A58%26pqid%3Dtrue%26api_logo%3Dhttps%253A%252F%252Flogos.skyscnr.com%252Fimages%252Fpartners%252Fdefault.png%26api_pbs%3Dtrue%26associate_id%3DAFF_TRA_19354_00001%26app_id%3DG4IcGcdmVpjw77HZ3bCQanBnLBKNE76h2RC%25252Bq0zWNAx4vlSXpxjay009pDhvp9R8&associateid=AFF_TRA_19354_00001,Emirates,14-01-2023
MNL,BCN,18-08-2023,707.98,https://skyscanner.pxf.io/c/2850210/1103265/13416?u=https%3A%2F%2Fwww.skyscanner.es%2Ftransport_deeplink%2F4.0%2FES%2Fes-ES%2FEUR%2Fgtes%2F1%2F14213.9772.2023-08-18%2Fair%2Ftrava%2Fflights%3Fitinerary%3Dflight%257C-32348%257C335%257C14213%257C2023-08-18T23%253A55%257C11182%257C2023-08-19T04%253A30%257C515%257C-%257C-%257C-%253Bflight%257C-32348%257C185%257C11182%257C2023-08-19T08%253A15%257C9772%257C2023-08-19T13%253A25%257C430%257C-%257C-%257C-%26carriers%3D-32348%26operators%3D-32348%253B-32348%26passengers%3D1%26channel%3Ddataapi%26cabin_class%3Deconomy%26facilitated%3Dfalse%26fps_session_id%3D34f633ea-3367-4319-bdb4-f2626f4f89f3%26ticket_price%3D707.98%26is_npt%3Dfalse%26is_multipart%3Dfalse%26client_id%3Dskyscanner_b2b%26request_id%3Dbe11fea4-c00e-4d63-949e-062b262bc317%26q_ids%3DH4sIAAAAAAAAAOOS4mJJL0ktFmLmaM2XYuZY46PQ8PLXMjYjJgVGAIlMgowcAAAA%257C-2229191515799177845%257C2%26q_sources%3DJACQUARD%26commercial_filters%3Dfalse%26q_datetime_utc%3D2023-01-14T15%253A08%253A49%26pqid%3Dtrue%26api_logo%3Dhttps%253A%252F%252Flogos.skyscnr.com%252Fimages%252Fpartners%252Fdefault.png%26api_pbs%3Dtrue%26associate_id%3DAFF_TRA_19354_00001%26app_id%3DG4IcGcdmVpjw77HZ3bCQanBnLBKNE76h2RC%25252Bq0zWNAx4vlSXpxjay009pDhvp9R8&associateid=AFF_TRA_19354_00001,Emirates,14-01-2023
MAD,MNL,08-07-2023,729.98,https://skyscanner.pxf.io/c/2850210/1103265/13416?u=https%3A%2F%2Fwww.skyscanner.es%2Ftransport_deeplink%2F4.0%2FES%2Fes-ES%2FEUR%2Fgtes%2F1%2F13870.14213.2023-07-08%2Fair%2Ftrava%2Fflights%3Fitinerary%3Dflight%257C-32680%257C1503%257C13870%257C2023-07-08T07%253A10%257C11616%257C2023-07-08T09%253A50%257C160%257C-%257C-%257C-%253Bflight%257C-32444%257C62%257C11616%257C2023-07-08T11%253A20%257C17075%257C2023-07-09T06%253A10%257C770%257C-%257C-%257C-%253Bflight%257C-32444%257C701%257C17075%257C2023-07-09T07%253A20%257C14213%257C2023-07-09T09%253A35%257C135%257C-%257C-%257C-%26carriers%3D-32680%252C-32444%26operators%3D-32680%253B-32444%253B-32444%26passengers%3D1%26channel%3Ddataapi%26cabin_class%3Deconomy%26facilitated%3Dfalse%26fps_session_id%3D7f95b85c-4432-4ac4-a906-02255ca2b15c%26ticket_price%3D729.98%26is_npt%3Dfalse%26is_multipart%3Dfalse%26client_id%3Dskyscanner_b2b%26request_id%3Ddfbe77bf-1e77-4ddc-a981-d86b5922d231%26q_ids%3DH4sIAAAAAAAAAOOS4mJJL0ktFmLmWJcjxczRmq_QcG7RUjYjJgVGABVomMEcAAAA%257C-9148481943020772337%257C2%26q_sources%3DJACQUARD%26commercial_filters%3Dfalse%26q_datetime_utc%3D2023-01-14T13%253A38%253A07%26pqid%3Dtrue%26api_logo%3Dhttps%253A%252F%252Flogos.skyscnr.com%252Fimages%252Fpartners%252Fdefault.png%26api_pbs%3Dtrue%26associate_id%3DAFF_TRA_19354_00001%26app_id%3DG4IcGcdmVpjw77HZ3bCQanBnLBKNE76h2RC%25252Bq0zWNAx4vlSXpxjay009pDhvp9R8&associateid=AFF_TRA_19354_00001,Air Europa,14-01-2023
MNL,MAD,20-08-2023,600.14,https://skyscanner.pxf.io/c/2850210/1103265/13416?u=https%3A%2F%2Fwww.skyscanner.es%2Ftransport_deeplink%2F4.0%2FES%2Fes-ES%2FEUR%2Flolt%2F1%2F14213.13870.2023-08-20%2Fair%2Ftrava%2Fflights%3Fitinerary%3Dflight%257C-32339%257C423%257C14213%257C2023-08-20T18%253A35%257C9618%257C2023-08-20T23%253A25%257C530%257C-%257C-%257C-%253Bflight%257C-32339%257C75%257C9618%257C2023-08-21T02%253A20%257C13870%257C2023-08-21T07%253A50%257C450%257C-%257C-%257C-%26carriers%3D-32339%26operators%3D-32339%253B-32339%26passengers%3D1%26channel%3Ddataapi%26cabin_class%3Deconomy%26facilitated%3Dfalse%26fps_session_id%3D957f4a08-d35a-4a9a-82a8-07f081cd2bc0%26ticket_price%3D600.14%26is_npt%3Dfalse%26is_multipart%3Dfalse%26client_id%3Dskyscanner_b2b%26request_id%3Db28ffd26-ad94-46ed-87c8-57e5c11f9ed4%26q_ids%3DH4sIAAAAAAAAAOOS4mLJyc8pEWLmaM2XYuZYl6PQsL51OZsRkwIjAJVIGuIcAAAA%257C-1400133371681649904%257C2%26q_sources%3DJACQUARD%26commercial_filters%3Dfalse%26q_datetime_utc%3D2023-01-14T07%253A18%253A13%26pqid%3Dfalse%26api_logo%3Dhttps%253A%252F%252Flogos.skyscnr.com%252Fimages%252Fpartners%252Fdefault.png%26api_pbs%3Dtrue%26associate_id%3DAFF_TRA_19354_00001%26app_id%3DG4IcGcdmVpjw77HZ3bCQanBnLBKNE76h2RC%25252Bq0zWNAx4vlSXpxjay009pDhvp9R8&associateid=AFF_TRA_19354_00001,Etihad Airways,14-01-2023
BCN,DPS,19-07-2023,749.0,https://skyscanner.pxf.io/c/2850210/1103265/13416?u=https%3A%2F%2Fwww.skyscanner.es%2Ftransport_deeplink%2F4.0%2FES%2Fes-ES%2FEUR%2Fates%2F1%2F9772.11109.2023-07-19%2Fair%2Ftrava%2Fflights%3Fitinerary%3Dflight%257C-31734%257C1856%257C9772%257C2023-07-19T19%253A10%257C12585%257C2023-07-19T23%253A35%257C205%257C-%257C-%257C-%253Bflight%257C-31734%257C66%257C12585%257C2023-07-20T01%253A50%257C11109%257C2023-07-20T19%253A20%257C750%257C-%257C-%257C-%26carriers%3D-31734%26operators%3D-31734%253B-31734%26passengers%3D1%26channel%3Ddataapi%26cabin_class%3Deconomy%26facilitated%3Dfalse%26fps_session_id%3De36daec8-d3b2-4bba-acdb-08bb108c56dd%26ticket_price%3D749.00%26is_npt%3Dfalse%26is_multipart%3Dfalse%26client_id%3Dskyscanner_b2b%26request_id%3D7178d6c3-f65d-481e-9f90-8515701b1fa3%26q_ids%3DH4sIAAAAAAAAAOOS4mJJLEktFmLmWOMjxczxNEyh4fydpWxGTAqMAIZjLrkcAAAA%257C8310967017479629330%257C2%26q_sources%3DJACQUARD%26commercial_filters%3Dfalse%26q_datetime_utc%3D2023-01-14T19%253A19%253A14%26pqid%3Dtrue%26api_logo%3Dhttps%253A%252F%252Flogos.skyscnr.com%252Fimages%252Fpartners%252Fdefault.png%26api_pbs%3Dtrue%26associate_id%3DAFF_TRA_19354_00001%26app_id%3DG4IcGcdmVpjw77HZ3bCQanBnLBKNE76h2RC%25252Bq0zWNAx4vlSXpxjay009pDhvp9R8&associateid=AFF_TRA_19354_00001,Turkish Airlines,15-01-2023
DPS,BCN,28-08-2023,554.69,https://skyscanner.pxf.io/c/2850210/1103265/13416?u=https%3A%2F%2Fwww.skyscanner.es%2Ftransport_deeplink%2F4.0%2FES%2Fes-ES%2FEUR%2Fsing%2F1%2F11109.9772.2023-08-28%2Fair%2Fairli%2Fflights%3Fitinerary%3Dflight%257C-31876%257C939%257C11109%257C2023-08-28T13%253A05%257C16292%257C2023-08-28T15%253A50%257C165%257CN16IAOH%257CN%257CFF41JKT%253Bflight%257C-31876%257C388%257C16292%257C2023-08-28T23%253A35%257C9772%257C2023-08-29T06%253A55%257C800%257CN16IAOH%257CN%257CFF41JKT%26carriers%3D-31876%26operators%3D-31876%253B-31876%26passengers%3D1%26channel%3Ddataapi%26cabin_class%3Deconomy%26facilitated%3Dfalse%26fps_session_id%3D951d93de-1e2f-4fef-91a3-46a2c556dbd6%26ticket_price%3D554.69%26is_npt%3Dfalse%26is_multipart%3Dfalse%26client_id%3Dskyscanner_b2b%26request_id%3D39a7884c-3297-47f7-a45b-0554d6e0f732%26q_ids%3DH4sIAAAAAAAAAOOS4mIpzsxLF2LmeBomxcyxxkeh4fj65WxGTAqMADPH5tAcAAAA%257C6091940154597423659%257C2%26q_sources%3DJACQUARD%26commercial_filters%3Dfalse%26q_datetime_utc%3D2023-01-14T12%253A37%253A27%26pqid%3Dfalse%26api_logo%3Dhttps%253A%252F%252Flogos.skyscnr.com%252Fimages%252Fpartners%252Fdefault.png%26api_pbs%3Dtrue%26associate_id%3DAFF_TRA_19354_00001%26app_id%3DG4IcGcdmVpjw77HZ3bCQanBnLBKNE76h2RC%25252Bq0zWNAx4vlSXpxjay009pDhvp9R8&associateid=AFF_TRA_19354_00001,Singapore Airlines,15-01-2023
BCN,KUL,20-07-2023,532.78,https://skyscanner.pxf.io/c/2850210/1103265/13416?u=https%3A%2F%2Fwww.skyscanner.es%2Ftransport_deeplink%2F4.0%2FES%2Fes-ES%2FEUR%2Fctes%2F1%2F9772.13311.2023-07-20%2Fair%2Ftrava%2Fflights%3Fitinerary%3Dflight%257C-32080%257C5751%257C9772%257C2023-07-20T10%253A40%257C14476%257C2023-07-20T12%253A20%257C100%257C-%257C-%257C-%253Bflight%257C-32080%257C5751%257C14476%257C2023-07-20T13%253A50%257C16292%257C2023-07-21T07%253A50%257C720%257C-%257C-%257C-%253Bflight%257C-32080%257C604%257C16292%257C2023-07-21T09%253A55%257C13311%257C2023-07-21T10%253A55%257C60%257C-%257C-%257C-%26carriers%3D-32080%26operators%3D-31876%253B-31876%253B-32080%26passengers%3D1%26channel%3Ddataapi%26cabin_class%3Deconomy%26facilitated%3Dfalse%26fps_session_id%3D20210413-611f-41b9-a0c1-c01802c39c94%26ticket_price%3D532.78%26is_npt%3Dfalse%26is_multipart%3Dfalse%26client_id%3Dskyscanner_b2b%26request_id%3D96e3c9f5-4560-4d42-a637-8764adb0fa5d%26q_ids%3DH4sIAAAAAAAAAOOS4mJJLkktFmLmWOMjxczxT1Gh4dPDpWxGTAqMADUj-h0cAAAA%257C-1870401591002661160%257C2%26q_sources%3DJACQUARD%26commercial_filters%3Dfalse%26q_datetime_utc%3D2023-01-14T08%253A10%253A25%26pqid%3Dtrue%26api_logo%3Dhttps%253A%252F%252Flogos.skyscnr.com%252Fimages%252Fpartners%252Fdefault.png%26api_pbs%3Dtrue%26associate_id%3DAFF_TRA_19354_00001%26app_id%3DG4IcGcdmVpjw77HZ3bCQanBnLBKNE76h2RC%25252Bq0zWNAx4vlSXpxjay009pDhvp9R8&associateid=AFF_TRA_19354_00001,Singapore Airlines,15-01-2023
KUL,BCN,30-08-2023,535.26,https://skyscanner.pxf.io/c/2850210/1103265/13416?u=https%3A%2F%2Fwww.skyscanner.es%2Ftransport_deeplink%2F4.0%2FES%2Fes-ES%2FEUR%2Fturk%2F1%2F13311.9772.2023-08-30%2Fair%2Fairli%2Fflights%3Fitinerary%3Dflight%257C-31734%257C63%257C13311%257C2023-08-30T08%253A50%257C12585%257C2023-08-30T14%253A30%257C640%257CVF2XPCO%257CV%257CTRFENFLEX%253Bflight%257C-31734%257C1851%257C12585%257C2023-08-30T20%253A15%257C9772%257C2023-08-30T23%253A00%257C225%257CVF2XPCO%257CV%257CTRFENFLEX%26carriers%3D-31734%26operators%3D-31734%253B-31734%26passengers%3D1%26channel%3Ddataapi%26cabin_class%3Deconomy%26facilitated%3Dfalse%26fps_session_id%3Dea9bd2dc-e4ff-4151-9d1a-d0a0ff34380d%26ticket_price%3D535.26%26is_npt%3Dfalse%26is_multipart%3Dfalse%26client_id%3Dskyscanner_b2b%26request_id%3D5529854f-d65f-4383-9038-8a3a25fe35fa%26q_ids%3DH4sIAAAAAAAAAOOS4mIpKS3KFmLm-KcoxcyxxkehoXfXcjYjJgVGAHbNiJYcAAAA%257C-1784034652310849910%257C2%26q_sources%3DJACQUARD%26commercial_filters%3Dfalse%26q_datetime_utc%3D2023-01-14T17%253A51%253A16%26pqid%3Dfalse%26api_logo%3Dhttps%253A%252F%252Flogos.skyscnr.com%252Fimages%252Fpartners%252Fdefault.png%26api_pbs%3Dtrue%26associate_id%3DAFF_TRA_19354_00001%26app_id%3DG4IcGcdmVpjw77HZ3bCQanBnLBKNE76h2RC%25252Bq0zWNAx4vlSXpxjay009pDhvp9R8&associateid=AFF_TRA_19354_00001,Turkish Airlines,15-01-2023
MAD,DPS,18-07-2023,709.32,https://skyscanner.pxf.io/c/2850210/1103265/13416?u=https%3A%2F%2Fwww.skyscanner.es%2Ftransport_deeplink%2F4.0%2FES%2Fes-ES%2FEUR%2Fctes%2F1%2F13870.11109.2023-07-18%2Fair%2Ftrava%2Fflights%3Fitinerary%3Dflight%257C-32222%257C7903%257C13870%257C2023-07-18T16%253A10%257C11089%257C2023-07-18T23%253A50%257C400%257C-%257C-%257C-%253Bflight%257C-32222%257C7970%257C11089%257C2023-07-19T02%253A05%257C11109%257C2023-07-19T16%253A55%257C590%257C-%257C-%257C-%26carriers%3D-32222%26operators%3D-31939%253B-31939%26passengers%3D1%26channel%3Ddataapi%26cabin_class%3Deconomy%26facilitated%3Dfalse%26fps_session_id%3D2421014a-a810-48dc-8750-2670144c21de%26ticket_price%3D709.32%26is_npt%3Dfalse%26is_multipart%3Dfalse%26client_id%3Dskyscanner_b2b%26request_id%3D893d692e-e33b-41a0-b4d0-60d53fdd83bc%26q_ids%3DH4sIAAAAAAAAAOOS4mJJLkktFmLmWJcjxczxNEyhYc31pWxGTAqMAJG3df8cAAAA%257C-4654650212501239835%257C2%26q_sources%3DJACQUARD%26commercial_filters%3Dfalse%26q_datetime_utc%3D2023-01-14T15%253A53%253A30%26pqid%3Dtrue%26api_logo%3Dhttps%253A%252F%252Flogos.skyscnr.com%252Fimages%252Fpartners%252Fdefault.png%26api_pbs%3Dtrue%26associate_id%3DAFF_TRA_19354_00001%26app_id%3DG4IcGcdmVpjw77HZ3bCQanBnLBKNE76h2RC%25252Bq0zWNAx4vlSXpxjay009pDhvp9R8&associateid=AFF_TRA_19354_00001,Qatar Airways,15-01-2023
DPS,MAD,03-09-2023,586.98,https://skyscanner.pxf.io/c/2850210/1103265/13416?u=https%3A%2F%2Fwww.skyscanner.es%2Ftransport_deeplink%2F4.0%2FES%2Fes-ES%2FEUR%2Fgtes%2F1%2F11109.13870.2023-09-03%2Fair%2Ftrava%2Fflights%3Fitinerary%3Dflight%257C-31734%257C67%257C11109%257C2023-09-03T21%253A10%257C12585%257C2023-09-04T05%253A00%257C770%257C-%257C-%257C-%253Bflight%257C-31734%257C1859%257C12585%257C2023-09-04T13%253A20%257C13870%257C2023-09-04T16%253A50%257C270%257C-%257C-%257C-%26carriers%3D-31734%26operators%3D-31734%253B-31734%26passengers%3D1%26channel%3Ddataapi%26cabin_class%3Deconomy%26facilitated%3Dfalse%26fps_session_id%3D14fe593e-f0e4-42f1-b22c-f566bebec067%26ticket_price%3D586.98%26is_npt%3Dfalse%26is_multipart%3Dfalse%26client_id%3Dskyscanner_b2b%26request_id%3Dde64d8db-3b2e-4c85-8736-f047729748cd%26q_ids%3DH4sIAAAAAAAAAOOS4mJJL0ktFmLmeBomxcyxLkehYeb55WxGTAqMADKJ9CQcAAAA%257C-741332078560905552%257C2%26q_sources%3DJACQUARD%26commercial_filters%3Dfalse%26q_datetime_utc%3D2023-01-13T23%253A13%253A32%26pqid%3Dtrue%26api_logo%3Dhttps%253A%252F%252Flogos.skyscnr.com%252Fimages%252Fpartners%252Fdefault.png%26api_pbs%3Dtrue%26associate_id%3DAFF_TRA_19354_00001%26app_id%3DG4IcGcdmVpjw77HZ3bCQanBnLBKNE76h2RC%25252Bq0zWNAx4vlSXpxjay009pDhvp9R8&associateid=AFF_TRA_19354_00001,Turkish Airlines,15-01-2023
MAD,KUL,16-07-2023,608.91,https://skyscanner.pxf.io/c/2850210/1103265/13416?u=https%3A%2F%2Fwww.skyscanner.es%2Ftransport_deeplink%2F4.0%2FES%2Fes-ES%2FEUR%2Fctes%2F1%2F13870.13311.2023-07-16%2Fair%2Ftrava%2Fflights%3Fitinerary%3Dflight%257C-32222%257C7901%257C13870%257C2023-07-16T09%253A25%257C11089%257C2023-07-16T17%253A05%257C400%257C-%257C-%257C-%253Bflight%257C-32222%257C7940%257C11089%257C2023-07-16T19%253A35%257C13311%257C2023-07-17T08%253A25%257C470%257C-%257C-%257C-%26carriers%3D-32222%26operators%3D-31939%253B-31939%26passengers%3D1%26channel%3Ddataapi%26cabin_class%3Deconomy%26facilitated%3Dfalse%26fps_session_id%3D141b3af6-5099-4ece-9dbe-d0de35b450db%26ticket_price%3D608.91%26is_npt%3Dfalse%26is_multipart%3Dfalse%26client_id%3Dskyscanner_b2b%26request_id%3Dd4cd1884-43f9-4f2a-b68a-44e430b916a0%26q_ids%3DH4sIAAAAAAAAAOOS4mJJLkktFmLmWJcjxczxT1Gh4dmZpWxGTAqMAAKvYogcAAAA%257C-8367582841560476520%257C2%26q_sources%3DJACQUARD%26commercial_filters%3Dfalse%26q_datetime_utc%3D2023-01-14T09%253A05%253A51%26pqid%3Dtrue%26api_logo%3Dhttps%253A%252F%252Flogos.skyscnr.com%252Fimages%252Fpartners%252Fdefault.png%26api_pbs%3Dtrue%26associate_id%3DAFF_TRA_19354_00001%26app_id%3DG4IcGcdmVpjw77HZ3bCQanBnLBKNE76h2RC%25252Bq0zWNAx4vlSXpxjay009pDhvp9R8&associateid=AFF_TRA_19354_00001,Qatar Airways,15-01-2023
KUL,MAD,28-08-2023,539.19,https://skyscanner.pxf.io/c/2850210/1103265/13416?u=https%3A%2F%2Fwww.skyscanner.es%2Ftransport_deeplink%2F4.0%2FES%2Fes-ES%2FEUR%2Fctes%2F1%2F13311.13870.2023-08-28%2Fair%2Ftrava%2Fflights%3Fitinerary%3Dflight%257C-32080%257C160%257C13311%257C2023-08-28T21%253A20%257C11089%257C2023-08-28T23%253A50%257C450%257C-%257C-%257C-%253Bflight%257C-32080%257C9247%257C11089%257C2023-08-29T01%253A20%257C13870%257C2023-08-29T07%253A55%257C455%257C-%257C-%257C-%26carriers%3D-32080%26operators%3D-32080%253B-31939%26passengers%3D1%26channel%3Ddataapi%26cabin_class%3Deconomy%26facilitated%3Dfalse%26fps_session_id%3Dbf816dfc-2422-4ba1-8123-467e764c42da%26ticket_price%3D539.19%26is_npt%3Dfalse%26is_multipart%3Dfalse%26client_id%3Dskyscanner_b2b%26request_id%3D9cf4d2dc-d459-43f9-b8e0-28ccab17f695%26q_ids%3DH4sIAAAAAAAAAOOS4mJJLkktFmLm-KcoxcyxLkeh4fj65WxGTAqMAHd8rAYcAAAA%257C7651129676271995618%257C2%26q_sources%3DJACQUARD%26commercial_filters%3Dfalse%26q_datetime_utc%3D2023-01-14T16%253A29%253A43%26pqid%3Dtrue%26api_logo%3Dhttps%253A%252F%252Flogos.skyscnr.com%252Fimages%252Fpartners%252Fdefault.png%26api_pbs%3Dtrue%26associate_id%3DAFF_TRA_19354_00001%26app_id%3DG4IcGcdmVpjw77HZ3bCQanBnLBKNE76h2RC%25252Bq0zWNAx4vlSXpxjay009pDhvp9R8&associateid=AFF_TRA_19354_00001,Malaysia Airlines,15-01-2023
BCN,MNL,11-07-2023,637.13,https://skyscanner.pxf.io/c/2850210/1103265/13416?u=https%3A%2F%2Fwww.skyscanner.es%2Ftransport_deeplink%2F4.0%2FES%2Fes-ES%2FEUR%2Fedes%2F1%2F9772.14213.2023-07-11%2Fair%2Ftrava%2Fflights%3Fitinerary%3Dflight%257C-32348%257C188%257C9772%257C2023-07-11T20%253A40%257C11182%257C2023-07-12T05%253A35%257C415%257C-%257C-%257C-%253Bflight%257C-32348%257C334%257C11182%257C2023-07-12T09%253A10%257C14213%257C2023-07-12T22%253A10%257C540%257C-%257C-%257C-%26carriers%3D-32348%26operators%3D-32348%253B-32348%26passengers%3D1%26channel%3Ddataapi%26cabin_class%3Deconomy%26facilitated%3Dfalse%26fps_session_id%3D62ea36cc-a135-44a9-80f5-48f99d8469fb%26ticket_price%3D637.13%26is_npt%3Dfalse%26is_multipart%3Dfalse%26client_id%3Dskyscanner_b2b%26request_id%3D248cf27c-d731-463b-8a1e-80429e3686ae%26q_ids%3DH4sIAAAAAAAAAOOS4mJJTUktFmLmWOMjxczRmq_QsH3TUjYjJgVGAJnfEw4cAAAA%257C2933760337472942532%257C2%26q_sources%3DJACQUARD%26commercial_filters%3Dfalse%26q_datetime_utc%3D2023-01-14T20%253A11%253A10%26pqid%3Dtrue%26api_logo%3Dhttps%253A%252F%252Flogos.skyscnr.com%252Fimages%252Fpartners%252Fdefault.png%26api_pbs%3Dtrue%26associate_id%3DAFF_TRA_19354_00001%26app_id%3DG4IcGcdmVpjw77HZ3bCQanBnLBKNE76h2RC%25252Bq0zWNAx4vlSXpxjay009pDhvp9R8&associateid=AFF_TRA_19354_00001,Emirates,15-01-2023
MNL,BCN,22-08-2023,416.89,https://skyscanner.pxf.io/c/2850210/1103265/13416?u=https%3A%2F%2Fwww.skyscanner.es%2Ftransport_deeplink%2F4.0%2FES%2Fes-ES%2FEUR%2Fctes%2F1%2F14213.9772.2023-08-22%2Fair%2Ftrava%2Fflights%3Fitinerary%3Dflight%257C-31757%257C391%257C14213%257C2023-08-22T19%253A30%257C16292%257C2023-08-22T23%253A00%257C210%257C-%257C-%257C-%253Bflight%257C-31757%257C734%257C16292%257C2023-08-23T01%253A35%257C9828%257C2023-08-23T08%253A35%257C780%257C-%257C-%257C-%253Bflight%257C-31915%257C132%257C9828%257C2023-08-23T13%253A50%257C9772%257C2023-08-23T16%253A25%257C155%257C-%257C-%257C-%26carriers%3D-31757%252C-31915%26operators%3D-31757%253B-31757%253B-30823%26passengers%3D1%26channel%3Ddataapi%26cabin_class%3Deconomy%26facilitated%3Dfalse%26fps_session_id%3D607ba963-4196-449c-b403-cf75cda21c5f%26ticket_price%3D416.89%26is_npt%3Dfalse%26is_multipart%3Dfalse%26client_id%3Dskyscanner_b2b%26request_id%3Da40fb978-74a9-4ae9-96cc-e850b719ba70%26q_ids%3DH4sIAAAAAAAAAOOS4mJJLkktFmLmaM2XYuZY46PQ8LV_OZsRkwIjAJvanLscAAAA%257C-2590309679932096052%257C2%26q_sources%3DJACQUARD%26commercial_filters%3Dfalse%26q_datetime_utc%3D2023-01-14T20%253A11%253A38%26transfer_protection%3Dprotected%26pqid%3Dtrue%26api_logo%3Dhttps%253A%252F%252Flogos.skyscnr.com%252Fimages%252Fpartners%252Fdefault.png%26api_pbs%3Dtrue%26associate_id%3DAFF_TRA_19354_00001%26app_id%3DG4IcGcdmVpjw77HZ3bCQanBnLBKNE76h2RC%25252Bq0zWNAx4vlSXpxjay009pDhvp9R8&associateid=AFF_TRA_19354_00001,Scoot,15-01-2023
MAD,MNL,07-07-2023,572.98,https://skyscanner.pxf.io/c/2850210/1103265/13416?u=https%3A%2F%2Fwww.skyscanner.es%2Ftransport_deeplink%2F4.0%2FES%2Fes-ES%2FEUR%2Fgtes%2F1%2F13870.14213.2023-07-07%2Fair%2Ftrava%2Fflights%3Fitinerary%3Dflight%257C-31939%257C148%257C13870%257C2023-07-07T09%253A25%257C11089%257C2023-07-07T17%253A05%257C400%257C-%257C-%257C-%253Bflight%257C-31964%257C685%257C11089%257C2023-07-07T19%253A30%257C14213%257C2023-07-08T09%253A05%257C515%257C-%257C-%257C-%26carriers%3D-31939%252C-31964%26operators%3D-31939%253B-31964%26passengers%3D1%26channel%3Ddataapi%26cabin_class%3Deconomy%26facilitated%3Dfalse%26fps_session_id%3Dad05fc5f-44b0-4ed3-912b-42ce556806f2%26ticket_price%3D572.98%26is_npt%3Dfalse%26is_multipart%3Dfalse%26client_id%3Dskyscanner_b2b%26request_id%3D769dcc49-30e0-45a5-b173-fef5caf30164%26q_ids%3DH4sIAAAAAAAAAOOS4mJJL0ktFmLmWJcjxczRmq_QsHruUjYjJgVGAHETuAccAAAA%257C-2625205487444874758%257C2%26q_sources%3DJACQUARD%26commercial_filters%3Dfalse%26q_datetime_utc%3D2023-01-14T20%253A11%253A41%26pqid%3Dtrue%26api_logo%3Dhttps%253A%252F%252Flogos.skyscnr.com%252Fimages%252Fpartners%252Fdefault.png%26api_pbs%3Dtrue%26associate_id%3DAFF_TRA_19354_00001%26app_id%3DG4IcGcdmVpjw77HZ3bCQanBnLBKNE76h2RC%25252Bq0zWNAx4vlSXpxjay009pDhvp9R8&associateid=AFF_TRA_19354_00001,Qatar Airways,15-01-2023
MNL,MAD,22-08-2023,461.41,https://skyscanner.pxf.io/c/2850210/1103265/13416?u=https%3A%2F%2Fwww.skyscanner.es%2Ftransport_deeplink%2F4.0%2FES%2Fes-ES%2FEUR%2Fctes%2F1%2F14213.13870.2023-08-22%2Fair%2Ftrava%2Fflights%3Fitinerary%3Dflight%257C-31757%257C391%257C14213%257C2023-08-22T19%253A30%257C16292%257C2023-08-22T23%253A00%257C210%257C-%257C-%257C-%253Bflight%257C-31757%257C734%257C16292%257C2023-08-23T01%253A35%257C9828%257C2023-08-23T08%253A35%257C780%257C-%257C-%257C-%253Bflight%257C-32222%257C3677%257C9828%257C2023-08-23T11%253A25%257C13870%257C2023-08-23T14%253A35%257C190%257C-%257C-%257C-%26carriers%3D-31757%252C-32222%26operators%3D-31757%253B-31757%253B-32221%26passengers%3D1%26channel%3Ddataapi%26cabin_class%3Deconomy%26facilitated%3Dfalse%26fps_session_id%3Db37a79bd-3492-450c-8db0-20d10b0fa6c8%26ticket_price%3D461.41%26is_npt%3Dfalse%26is_multipart%3Dfalse%26client_id%3Dskyscanner_b2b%26request_id%3D285583a0-fe3f-4d67-8aa5-a1301bbc59d5%26q_ids%3DH4sIAAAAAAAAAOOS4mJJLkktFmLmaM2XYuZYl6PQ8LV_OZsRkwIjANPLO9EcAAAA%257C7562739627053494215%257C2%26q_sources%3DJACQUARD%26commercial_filters%3Dfalse%26q_datetime_utc%3D2023-01-14T20%253A12%253A27%26transfer_protection%3Dprotected%26pqid%3Dtrue%26api_logo%3Dhttps%253A%252F%252Flogos.skyscnr.com%252Fimages%252Fpartners%252Fdefault.png%26api_pbs%3Dtrue%26associate_id%3DAFF_TRA_19354_00001%26app_id%3DG4IcGcdmVpjw77HZ3bCQanBnLBKNE76h2RC%25252Bq0zWNAx4vlSXpxjay009pDhvp9R8&associateid=AFF_TRA_19354_00001,Scoot,15-01-2023
BKK,MNL,14-07-2023,120.38,https://skyscanner.pxf.io/c/2850210/1103265/13416?u=https%3A%2F%2Fwww.skyscanner.es%2Ftransport_deeplink%2F4.0%2FES%2Fes-ES%2FEUR%2Fcebu%2F1%2F9970.14213.2023-07-14%2Fair%2Fairli%2Fflights%3Fitinerary%3Dflight%257C-32454%257C932%257C9970%257C2023-07-14T04%253A40%257C14213%257C2023-07-14T09%253A20%257C220%257C-%257C-%257CGO%2BBasic%26carriers%3D-32454%26operators%3D-32454%26passengers%3D1%26channel%3Ddataapi%26cabin_class%3Deconomy%26facilitated%3Dfalse%26fps_session_id%3D4bb146bd-fcaa-486e-b737-cc75d5a57c25%26ticket_price%3D120.38%26is_npt%3Dfalse%26is_multipart%3Dfalse%26client_id%3Dskyscanner_b2b%26request_id%3Dfb877fba-2a97-40c4-aba0-825f90f0e9df%26q_ids%3DH4sIAAAAAAAAAOOS42JJTk0qFWLm-OQrxczRmq_QsODQUjYjJgVGJyYJRgAdHLNKIAAAAA%257C-9115384103235840815%257C3%26q_sources%3DJACQUARD%26commercial_filters%3Dfalse%26q_datetime_utc%3D2023-01-14T15%253A50%253A27%26pqid%3Dfalse%26api_logo%3Dhttps%253A%252F%252Flogos.skyscnr.com%252Fimages%252Fpartners%252Fdefault.png%26api_pbs%3Dtrue%26associate_id%3DAFF_TRA_19354_00001%26app_id%3DG4IcGcdmVpjw77HZ3bCQanBnLBKNE76h2RC%25252Bq0zWNAx4vlSXpxjay009pDhvp9R8&associateid=AFF_TRA_19354_00001,Cebu Pacific,14-01-2023
BKK,MNL,14-07-2023,120.38,https://skyscanner.pxf.io/c/2850210/1103265/13416?u=https%3A%2F%2Fwww.skyscanner.es%2Ftransport_deeplink%2F4.0%2FES%2Fes-ES%2FEUR%2Fcebu%2F1%2F9970.14213.2023-07-14%2Fair%2Fairli%2Fflights%3Fitinerary%3Dflight%257C-32454%257C932%257C9970%257C2023-07-14T04%253A40%257C14213%257C2023-07-14T09%253A20%257C220%257C-%257C-%257CGO%2BBasic%26carriers%3D-32454%26operators%3D-32454%26passengers%3D1%26channel%3Ddataapi%26cabin_class%3Deconomy%26facilitated%3Dfalse%26fps_session_id%3D4bb146bd-fcaa-486e-b737-cc75d5a57c25%26ticket_price%3D120.38%26is_npt%3Dfalse%26is_multipart%3Dfalse%26client_id%3Dskyscanner_b2b%26request_id%3Dfb877fba-2a97-40c4-aba0-825f90f0e9df%26q_ids%3DH4sIAAAAAAAAAOOS42JJTk0qFWLm-OQrxczRmq_QsODQUjYjJgVGJyYJRgAdHLNKIAAAAA%257C-9115384103235840815%257C3%26q_sources%3DJACQUARD%26commercial_filters%3Dfalse%26q_datetime_utc%3D2023-01-14T15%253A50%253A27%26pqid%3Dfalse%26api_logo%3Dhttps%253A%252F%252Flogos.skyscnr.com%252Fimages%252Fpartners%252Fdefault.png%26api_pbs%3Dtrue%26associate_id%3DAFF_TRA_19354_00001%26app_id%3DG4IcGcdmVpjw77HZ3bCQanBnLBKNE76h2RC%25252Bq0zWNAx4vlSXpxjay009pDhvp9R8&associateid=AFF_TRA_19354_00001,Cebu Pacific,15-01-2023
MNL,BKK,01-09-2023,82.04,https://skyscanner.pxf.io/c/2850210/1103265/13416?u=https%3A%2F%2Fwww.skyscanner.es%2Ftransport_deeplink%2F4.0%2FES%2Fes-ES%2FEUR%2Fcebu%2F1%2F14213.9970.2023-09-01%2Fair%2Fairli%2Fflights%3Fitinerary%3Dflight%257C-32454%257C929%257C14213%257C2023-09-01T07%253A25%257C9970%257C2023-09-01T09%253A55%257C210%257C-%257C-%257CGO%2BBasic%26carriers%3D-32454%26operators%3D-32454%26passengers%3D1%26channel%3Ddataapi%26cabin_class%3Deconomy%26facilitated%3Dfalse%26fps_session_id%3Dfc0422c3-1791-4ce6-b9bd-91daaaf36604%26ticket_price%3D82.04%26is_npt%3Dfalse%26is_multipart%3Dfalse%26client_id%3Dskyscanner_b2b%26request_id%3Dc85c75c5-e0b0-4b4a-a3c8-1b797f33a1c0%26q_ids%3DH4sIAAAAAAAAAOOS42JJTk0qFWLmaM2XYub45KvQcPnIcjYjJgVGJyYJRgAeS-NmIAAAAA%257C-4481472056485121869%257C3%26q_sources%3DJACQUARD%26commercial_filters%3Dfalse%26q_datetime_utc%3D2023-01-15T03%253A54%253A30%26pqid%3Dfalse%26api_logo%3Dhttps%253A%252F%252Flogos.skyscnr.com%252Fimages%252Fpartners%252Fdefault.png%26api_pbs%3Dtrue%26associate_id%3DAFF_TRA_19354_00001%26app_id%3DG4IcGcdmVpjw77HZ3bCQanBnLBKNE76h2RC%25252Bq0zWNAx4vlSXpxjay009pDhvp9R8&associateid=AFF_TRA_19354_00001,Cebu Pacific,15-01-2023
BKK,DPS,19-07-2023,172.84,https://skyscanner.pxf.io/c/2850210/1103265/13416?u=https%3A%2F%2Fwww.skyscanner.es%2Ftransport_deeplink%2F4.0%2FES%2Fes-ES%2FEUR%2Fscoo%2F1%2F9970.11109.2023-07-19%2Fair%2Fairli%2Fflights%3Fitinerary%3Dflight%257C-31757%257C625%257C9970%257C2023-07-19T10%253A50%257C16292%257C2023-07-19T14%253A15%257C145%257CH1CCOA%257CH1%257CFly%253Bflight%257C-31757%257C288%257C16292%257C2023-07-19T16%253A15%257C11109%257C2023-07-19T19%253A00%257C165%257CW1CCOA%257CW1%257CFly%26carriers%3D-31757%26operators%3D-31757%253B-31757%26passengers%3D1%26channel%3Ddataapi%26cabin_class%3Deconomy%26facilitated%3Dfalse%26fps_session_id%3De29db4a2-3602-4038-a3e8-6a7996676506%26ticket_price%3D172.84%26is_npt%3Dfalse%26is_multipart%3Dfalse%26client_id%3Dskyscanner_b2b%26request_id%3Df3e70332-e833-447d-90c3-975b03d315c0%26q_ids%3DH4sIAAAAAAAAAOOS42IpTs7PF2Lm-OQrxczxNEyh4fydpWxGTAqMTkwSjAD2OL20IAAAAA%257C-388425298600952587%257C3%26q_sources%3DJACQUARD%26commercial_filters%3Dfalse%26q_datetime_utc%3D2023-01-15T09%253A02%253A00%26pqid%3Dfalse%26api_logo%3Dhttps%253A%252F%252Flogos.skyscnr.com%252Fimages%252Fpartners%252Fdefault.png%26api_pbs%3Dtrue%26associate_id%3DAFF_TRA_19354_00001%26app_id%3DG4IcGcdmVpjw77HZ3bCQanBnLBKNE76h2RC%25252Bq0zWNAx4vlSXpxjay009pDhvp9R8&associateid=AFF_TRA_19354_00001,Scoot,14-01-2023
BKK,DPS,19-07-2023,160.84,https://skyscanner.pxf.io/c/2850210/1103265/13416?u=https%3A%2F%2Fwww.skyscanner.es%2Ftransport_deeplink%2F4.0%2FES%2Fes-ES%2FEUR%2Fscoo%2F1%2F9970.11109.2023-07-19%2Fair%2Fairli%2Fflights%3Fitinerary%3Dflight%257C-31757%257C625%257C9970%257C2023-07-19T10%253A50%257C16292%257C2023-07-19T14%253A15%257C145%257CH1CCOA%257CH1%257CFly%253Bflight%257C-31757%257C288%257C16292%257C2023-07-19T16%253A15%257C11109%257C2023-07-19T19%253A00%257C165%257CW1CCOA%257CW1%257CFly%26carriers%3D-31757%26operators%3D-31757%253B-31757%26passengers%3D1%26channel%3Ddataapi%26cabin_class%3Deconomy%26facilitated%3Dfalse%26fps_session_id%3De29db4a2-3602-4038-a3e8-6a7996676506%26ticket_price%3D172.84%26is_npt%3Dfalse%26is_multipart%3Dfalse%26client_id%3Dskyscanner_b2b%26request_id%3Df3e70332-e833-447d-90c3-975b03d315c0%26q_ids%3DH4sIAAAAAAAAAOOS42IpTs7PF2Lm-OQrxczxNEyh4fydpWxGTAqMTkwSjAD2OL20IAAAAA%257C-388425298600952587%257C3%26q_sources%3DJACQUARD%26commercial_filters%3Dfalse%26q_datetime_utc%3D2023-01-15T09%253A02%253A00%26pqid%3Dfalse%26api_logo%3Dhttps%253A%252F%252Flogos.skyscnr.com%252Fimages%252Fpartners%252Fdefault.png%26api_pbs%3Dtrue%26associate_id%3DAFF_TRA_19354_00001%26app_id%3DG4IcGcdmVpjw77HZ3bCQanBnLBKNE76h2RC%25252Bq0zWNAx4vlSXpxjay009pDhvp9R8&associateid=AFF_TRA_19354_00001,Scoot,15-01-2023
DPS,BKK,26-08-2023,124.02,https://skyscanner.pxf.io/c/2850210/1103265/13416?u=https%3A%2F%2Fwww.skyscanner.es%2Ftransport_deeplink%2F4.0%2FES%2Fes-ES%2FEUR%2Fscoo%2F1%2F11109.9970.2023-08-26%2Fair%2Fairli%2Fflights%3Fitinerary%3Dflight%257C-31757%257C281%257C11109%257C2023-08-26T10%253A50%257C16292%257C2023-08-26T13%253A30%257C160%257CW1CODIDA%257CW1%257CFly%253Bflight%257C-31757%257C610%257C16292%257C2023-08-26T16%253A00%257C9970%257C2023-08-26T17%253A30%257C150%257CW1CODIDA%257CW1%257CFly%26carriers%3D-31757%26operators%3D-31757%253B-31757%26passengers%3D1%26channel%3Ddataapi%26cabin_class%3Deconomy%26facilitated%3Dfalse%26fps_session_id%3D8f307ca2-9a8f-4c59-90ce-e6d5356f1101%26ticket_price%3D124.02%26is_npt%3Dfalse%26is_multipart%3Dfalse%26client_id%3Dskyscanner_b2b%26request_id%3Dfb6fa695-5aab-48d1-b9f2-a999e6caa2b8%26q_ids%3DH4sIAAAAAAAAAOOS42IpTs7PF2LmeBomxczxyVehoXHpcjYjJgVGJyYJRgDgu4qdIAAAAA%257C-3469823895409995606%257C3%26q_sources%3DJACQUARD%26commercial_filters%3Dfalse%26q_datetime_utc%3D2023-01-15T07%253A56%253A00%26pqid%3Dfalse%26api_logo%3Dhttps%253A%252F%252Flogos.skyscnr.com%252Fimages%252Fpartners%252Fdefault.png%26api_pbs%3Dtrue%26associate_id%3DAFF_TRA_19354_00001%26app_id%3DG4IcGcdmVpjw77HZ3bCQanBnLBKNE76h2RC%25252Bq0zWNAx4vlSXpxjay009pDhvp9R8&associateid=AFF_TRA_19354_00001,Scoot,15-01-2023
KUL,MNL,11-07-2023,78.34,https://skyscanner.pxf.io/c/2850210/1103265/13416?u=https%3A%2F%2Fwww.skyscanner.es%2Ftransport_deeplink%2F4.0%2FES%2Fes-ES%2FEUR%2Fcebu%2F1%2F13311.14213.2023-07-11%2Fair%2Fairli%2Fflights%3Fitinerary%3Dflight%257C-32454%257C502%257C13311%257C2023-07-11T01%253A45%257C14213%257C2023-07-11T06%253A00%257C255%257C-%257C-%257CGO%2BBasic%26carriers%3D-32454%26operators%3D-32454%26passengers%3D1%26channel%3Ddataapi%26cabin_class%3Deconomy%26facilitated%3Dfalse%26fps_session_id%3D944ad656-1613-4a61-b5a6-e8b9561ca2a8%26ticket_price%3D78.34%26is_npt%3Dfalse%26is_multipart%3Dfalse%26client_id%3Dskyscanner_b2b%26request_id%3D9e1b3723-5685-4639-b119-383c0c6b5ca8%26q_ids%3DH4sIAAAAAAAAAOOS42JJTk0qFWLm-J8uxczRmq_QsH3TUjYjJgVGJyYJRgD7NCkpIAAAAA%257C-7455627561038724289%257C3%26q_sources%3DJACQUARD%26commercial_filters%3Dfalse%26q_datetime_utc%3D2023-01-15T07%253A12%253A52%26pqid%3Dfalse%26api_logo%3Dhttps%253A%252F%252Flogos.skyscnr.com%252Fimages%252Fpartners%252Fdefault.png%26api_pbs%3Dtrue%26associate_id%3DAFF_TRA_19354_00001%26app_id%3DG4IcGcdmVpjw77HZ3bCQanBnLBKNE76h2RC%25252Bq0zWNAx4vlSXpxjay009pDhvp9R8&associateid=AFF_TRA_19354_00001,Cebu Pacific,15-01-2023
MNL,KUL,28-08-2023,65.74,https://skyscanner.pxf.io/c/2850210/1103265/13416?u=https%3A%2F%2Fwww.skyscanner.es%2Ftransport_deeplink%2F4.0%2FES%2Fes-ES%2FEUR%2Fscoo%2F1%2F14213.13311.2023-08-28%2Fair%2Fairli%2Fflights%3Fitinerary%3Dflight%257C-31757%257C391%257C14213%257C2023-08-28T19%253A30%257C16292%257C2023-08-28T23%253A00%257C210%257CT1PPHA%257CT1%257CFly%253Bflight%257C-31757%257C452%257C16292%257C2023-08-29T09%253A45%257C13311%257C2023-08-29T10%253A55%257C70%257CW1CCOA%257CW1%257CFly%26carriers%3D-31757%26operators%3D-31757%253B-31757%26passengers%3D1%26channel%3Ddataapi%26cabin_class%3Deconomy%26facilitated%3Dfalse%26fps_session_id%3Deef8e2b8-acec-4496-9b35-5cb223b35944%26ticket_price%3D65.74%26is_npt%3Dfalse%26is_multipart%3Dfalse%26client_id%3Dskyscanner_b2b%26request_id%3D66628c16-c5f8-4440-900d-ae9afe340db1%26q_ids%3DH4sIAAAAAAAAAOOS42IpTs7PF2LmaM2XYub4n67QcHz9cjYjJgVGJyYJRgBWjlQnIAAAAA%257C-6935446894116971892%257C3%26q_sources%3DJACQUARD%26commercial_filters%3Dfalse%26q_datetime_utc%3D2023-01-14T11%253A44%253A00%26pqid%3Dfalse%26api_logo%3Dhttps%253A%252F%252Flogos.skyscnr.com%252Fimages%252Fpartners%252Fdefault.png%26api_pbs%3Dtrue%26associate_id%3DAFF_TRA_19354_00001%26app_id%3DG4IcGcdmVpjw77HZ3bCQanBnLBKNE76h2RC%25252Bq0zWNAx4vlSXpxjay009pDhvp9R8&associateid=AFF_TRA_19354_00001,Scoot,15-01-2023
KUL,DPS,18-07-2023,99.19,https://skyscanner.pxf.io/c/2850210/1103265/13416?u=https%3A%2F%2Fwww.skyscanner.es%2Ftransport_deeplink%2F4.0%2FES%2Fes-ES%2FEUR%2Fmaly%2F1%2F13311.11109.2023-07-18%2Fair%2Fairli%2Fflights%3Fitinerary%3Dflight%257C-32080%257C715%257C13311%257C2023-07-18T09%253A00%257C11109%257C2023-07-18T12%253A05%257C185%257COLTLGOMY%257CO%257CLETIMYZZ%26carriers%3D-32080%26operators%3D-32080%26passengers%3D1%26channel%3Ddataapi%26cabin_class%3Deconomy%26facilitated%3Dfalse%26fps_session_id%3D70d3bc2f-a70a-4e01-af44-f6c1ef9fcffb%26ticket_price%3D99.19%26is_npt%3Dfalse%26is_multipart%3Dfalse%26client_id%3Dskyscanner_b2b%26request_id%3Dd1977108-57e3-47d0-8290-03ff433d0958%26q_ids%3DH4sIAAAAAAAAAOOS4mLJTcypFGLm-J8uxczxNEyhYc31pWxGTAqMAMhCL_8cAAAA%257C940275471943468108%257C2%26q_sources%3DJACQUARD%26commercial_filters%3Dfalse%26q_datetime_utc%3D2023-01-14T19%253A41%253A35%26pqid%3Dfalse%26api_logo%3Dhttps%253A%252F%252Flogos.skyscnr.com%252Fimages%252Fpartners%252Fdefault.png%26api_pbs%3Dtrue%26associate_id%3DAFF_TRA_19354_00001%26app_id%3DG4IcGcdmVpjw77HZ3bCQanBnLBKNE76h2RC%25252Bq0zWNAx4vlSXpxjay009pDhvp9R8&associateid=AFF_TRA_19354_00001,Malaysia Airlines,15-01-2023
DPS,KUL,30-08-2023,72.71,https://skyscanner.pxf.io/c/2850210/1103265/13416?u=https%3A%2F%2Fwww.skyscanner.es%2Ftransport_deeplink%2F4.0%2FES%2Fes-ES%2FEUR%2Fctes%2F1%2F11109.13311.2023-08-30%2Fair%2Ftrava%2Fflights%3Fitinerary%3Dflight%257C-32211%257C550%257C11109%257C2023-08-30T07%253A05%257C13311%257C2023-08-30T10%253A00%257C175%257C-%257C-%257C-%26carriers%3D-32211%26operators%3D-32211%26passengers%3D1%26channel%3Ddataapi%26cabin_class%3Deconomy%26facilitated%3Dfalse%26fps_session_id%3D98f6a523-3e65-4d68-99bc-b8dfc726b310%26ticket_price%3D72.71%26is_npt%3Dfalse%26is_multipart%3Dfalse%26client_id%3Dskyscanner_b2b%26request_id%3D406e344a-1a75-4990-920f-778b4465294e%26q_ids%3DH4sIAAAAAAAAAOOS4mJJLkktFmLmeBomxczxT1GhoXfXcjYjJgVGANTZ9CocAAAA%257C3904317100581500413%257C2%26q_sources%3DJACQUARD%26commercial_filters%3Dfalse%26q_datetime_utc%3D2023-01-14T21%253A56%253A51%26pqid%3Dtrue%26api_logo%3Dhttps%253A%252F%252Flogos.skyscnr.com%252Fimages%252Fpartners%252Fdefault.png%26api_pbs%3Dtrue%26associate_id%3DAFF_TRA_19354_00001%26app_id%3DG4IcGcdmVpjw77HZ3bCQanBnLBKNE76h2RC%25252Bq0zWNAx4vlSXpxjay009pDhvp9R8&associateid=AFF_TRA_19354_00001,Indonesia AirAsia,15-01-2023
